{
  "timestamp": "2025-08-26T22:52:44.503659",
  "configuration": {
    "model_path": "best.pt",
    "confidence_threshold": 0.25,
    "iou_threshold": 0.45
  },
  "performance_metrics": {
    "total_images_processed": 1,
    "total_plates_detected": 1,
    "total_processing_time": 0.8244898319244385,
    "average_detection_time": 0.7214434146881104,
    "average_ocr_time": 0.10304641723632812,
    "ocr_success_rate": 0.0
  },
  "results": [
    {
      "image_path": "test.webp",
      "plates_detected": 1,
      "ocr_results": [
        [
          "1MAPA5627",
          0.20999903807724787
        ]
      ],
      "processing_time": 0.8262417316436768,
      "detection_time": 0.7214434146881104,
      "ocr_time": 0.10304641723632812,
      "output_path": "runs\\plate_detections\\test_annotated.jpg"
    }
  ]
}